ID,Name,Department,Joining Date,Salary
101,John Doe,Engineering,2021-04-15,75000
102,Jane Smith,Marketing,2020-10-20,68000
103,Emily Johnson,Sales,2022-07-30,72000
104,Michael Brown,Engineering,2019-12-05,80000
105,Sarah Davis,HR,2023-01-10,67000
106,David Wilson,Engineering,2020-08-11,79000
107,Alice Miller,Marketing,2021-02-25,75000
108,James Taylor,Sales,2022-01-12,71000
109,Olivia Anderson,HR,2021-11-30,65000
110,William Thomas,Engineering,2023-03-01,73000
111,Emma Jackson,Marketing,2022-06-17,70000
112,Daniel White,Sales,2021-04-18,74000
113,Charlotte Harris,HR,2020-09-15,68000
114,George Martin,Engineering,2021-07-22,76000
115,Isabella Lee,Marketing,2023-02-13,72000
116,Liam Clark,Sales,2021-05-20,75000
117,Ethan Lewis,HR,2020-11-03,66000
118,Amelia Robinson,Engineering,2022-03-05,77000
119,Benjamin Walker,Marketing,2021-09-18,71000
120,Sophia Young,Sales,2020-06-09,69000
121,Lucas Hall,HR,2023-01-12,67000
122,Jack Allen,Engineering,2022-05-22,80000
123,Lily Scott,Marketing,2021-08-01,73000
124,Henry Adams,Sales,2023-04-12,72000
125,Mia King,HR,2022-11-30,68000
126,Daniel Carter,Engineering,2021-12-10,75000
127,Harper Green,Marketing,2022-02-28,70000
128,Alexander Nelson,Sales,2020-05-17,73000
129,Victoria Perez,HR,2023-02-09,69000
130,Elijah Roberts,Engineering,2020-07-18,78000
131,Avery Walker,Marketing,2022-09-10,71000
132,Mason Wright,Sales,2021-10-02,74000
133,Grace Evans,HR,2023-03-14,66000
134,Lily Hill,Engineering,2022-04-13,79000
135,James Moore,Marketing,2020-12-22,74000
136,Charlotte Green,Sales,2023-01-22,75000
137,Liam Thomas,HR,2022-08-07,71000
138,Lucas Walker,Engineering,2021-06-04,77000
139,Emma Harris,Marketing,2022-10-15,73000
140,Jack White,Sales,2021-07-09,72000
141,Megan Hall,HR,2023-03-25,65000
142,Noah Harris,Engineering,2022-01-01,76000
143,Avery Martin,Marketing,2021-11-08,75000
144,Oliver Young,Sales,2023-02-03,74000
145,Amelia King,HR,2021-08-17,68000
146,Elijah Scott,Engineering,2022-06-04,78000
147,Chloe Adams,Marketing,2023-01-06,72000
148,Matthew Turner,Sales,2020-09-28,73000
149,Charlotte Lee,HR,2021-04-01,67000
150,Michael Turner,Engineering,2022-11-17,79000